Session:,"2023 WINTER 2023"
Course:,3110018-physics
Faculty:,"PRIYANK BHAVSAR"
total,1
start,2024-03-02
end,2024-03-02
slno,rollno,name,attended,percent
1,230130107001,"HIYA JAGTAP",1,100
2,230130107002,"JANVIBA JADEJA",1,100
3,230130107003,"BHALALA MEHAL",1,100
4,230130107004,CHINTAN,0,0
5,230130107005,"CHAUDHARY SNEHA",0,0
6,230130107006,"CHAUHAN HARSH",1,100
7,230130107007,"DARJI VISHV",1,100
8,230130107008,"DAVE POOJAN",1,100
9,230130107009,"DHARMIK KAUSHAL",0,0
10,230130107010,RUCHIK,0,0
11,230130107011,"HALPATI KRISHNA",0,0
12,230130107012,"BALAR MAYANK",0,0
13,230130107013,"HAPPY HOTHA",0,0
14,230130107014,"HEMANSHI ",1,100
15,230130107015,"AKASH CHAUDHARY",0,0
16,230130107016,KRUSHI,0,0
17,230130107017,"KRINA JAIN",0,0
18,230130107018,"KRISHA PATEL",0,0
19,230130107019,"LADANI SHREY",0,0
20,230130107020,"LIMBACHIYA JAINIL",0,0
21,230130107021,"MALAVIYA HEMANASHI",0,0
22,230130107022,"PANERA PARTH",1,100
23,230130107023,"SRUJAN PARIKH",0,0
24,230130107024,"PALAK PATEL",0,0
